-- MySQL dump 10.13  Distrib 8.0.20, for macos10.15 (x86_64)
--
-- Host: 127.0.0.1    Database: rentcar
-- ------------------------------------------------------
-- Server version	8.0.20

/*!40101 SET @OLD_CHARACTER_SET_CLIENT=@@CHARACTER_SET_CLIENT */;
/*!40101 SET @OLD_CHARACTER_SET_RESULTS=@@CHARACTER_SET_RESULTS */;
/*!40101 SET @OLD_COLLATION_CONNECTION=@@COLLATION_CONNECTION */;
/*!50503 SET NAMES utf8 */;
/*!40103 SET @OLD_TIME_ZONE=@@TIME_ZONE */;
/*!40103 SET TIME_ZONE='+00:00' */;
/*!40014 SET @OLD_UNIQUE_CHECKS=@@UNIQUE_CHECKS, UNIQUE_CHECKS=0 */;
/*!40014 SET @OLD_FOREIGN_KEY_CHECKS=@@FOREIGN_KEY_CHECKS, FOREIGN_KEY_CHECKS=0 */;
/*!40101 SET @OLD_SQL_MODE=@@SQL_MODE, SQL_MODE='NO_AUTO_VALUE_ON_ZERO' */;
/*!40111 SET @OLD_SQL_NOTES=@@SQL_NOTES, SQL_NOTES=0 */;

--
-- Table structure for table `A_FLOTAS`
--

DROP TABLE IF EXISTS `A_FLOTAS`;
/*!40101 SET @saved_cs_client     = @@character_set_client */;
/*!50503 SET character_set_client = utf8mb4 */;
CREATE TABLE `A_FLOTAS` (
  `ID` int NOT NULL AUTO_INCREMENT,
  `ID_A_MARCA` int NOT NULL,
  `MODELO` varchar(25) NOT NULL,
  `ANO` int NOT NULL,
  `ID_A_TIPO` int NOT NULL,
  `TARIFA_DIARIA` decimal(6,2) NOT NULL,
  `createdAt` datetime NOT NULL,
  `updatedAt` datetime NOT NULL,
  PRIMARY KEY (`ID`),
  KEY `a_flotas_ibfk_1` (`ID_A_MARCA`),
  KEY `a_flotas_ibfk_2` (`ID_A_TIPO`),
  CONSTRAINT `a_flotas_ibfk_1` FOREIGN KEY (`ID_A_MARCA`) REFERENCES `A_MARCA` (`ID`) ON DELETE CASCADE ON UPDATE CASCADE,
  CONSTRAINT `a_flotas_ibfk_2` FOREIGN KEY (`ID_A_TIPO`) REFERENCES `A_TIPO` (`ID`) ON DELETE CASCADE ON UPDATE CASCADE
) ENGINE=InnoDB AUTO_INCREMENT=46 DEFAULT CHARSET=utf8mb4 COLLATE=utf8mb4_0900_ai_ci;
/*!40101 SET character_set_client = @saved_cs_client */;

--
-- Dumping data for table `A_FLOTAS`
--

LOCK TABLES `A_FLOTAS` WRITE;
/*!40000 ALTER TABLE `A_FLOTAS` DISABLE KEYS */;
INSERT INTO `A_FLOTAS` VALUES (37,1,'SPORTAGE',2016,2,34.90,'2020-10-18 01:17:05','2020-10-18 01:17:05'),(38,1,'RIO',2018,1,27.00,'2020-10-18 01:17:05','2020-10-18 01:17:05'),(39,1,'CERATO',2018,1,29.80,'2020-10-18 01:17:05','2020-10-18 01:17:05'),(40,2,'RAV-4',2018,2,39.90,'2020-10-18 01:17:05','2020-10-18 01:17:05'),(41,2,'COROLA',2019,1,32.70,'2020-10-18 01:17:05','2020-10-18 01:17:05'),(42,3,'KICKS',2018,2,31.89,'2020-10-18 01:17:05','2020-10-18 01:17:05'),(43,3,'VERSA',2019,1,32.00,'2020-10-18 01:17:05','2020-10-18 01:17:05'),(44,2,'HILUX',2018,3,47.09,'2020-10-18 01:17:05','2020-10-18 01:17:05'),(45,3,'NAVARA',2019,3,48.00,'2020-10-18 01:17:05','2020-10-18 01:17:05');
/*!40000 ALTER TABLE `A_FLOTAS` ENABLE KEYS */;
UNLOCK TABLES;

--
-- Table structure for table `A_MARCA`
--

DROP TABLE IF EXISTS `A_MARCA`;
/*!40101 SET @saved_cs_client     = @@character_set_client */;
/*!50503 SET character_set_client = utf8mb4 */;
CREATE TABLE `A_MARCA` (
  `ID` int NOT NULL AUTO_INCREMENT,
  `NOMBRE` varchar(40) NOT NULL,
  PRIMARY KEY (`ID`)
) ENGINE=InnoDB AUTO_INCREMENT=6 DEFAULT CHARSET=utf8mb4 COLLATE=utf8mb4_0900_ai_ci;
/*!40101 SET character_set_client = @saved_cs_client */;

--
-- Dumping data for table `A_MARCA`
--

LOCK TABLES `A_MARCA` WRITE;
/*!40000 ALTER TABLE `A_MARCA` DISABLE KEYS */;
INSERT INTO `A_MARCA` VALUES (1,'KIA'),(2,'TOYOTA'),(3,'NISSAN'),(4,'SUZUKI'),(5,'CHEVROLET');
/*!40000 ALTER TABLE `A_MARCA` ENABLE KEYS */;
UNLOCK TABLES;

--
-- Table structure for table `A_SUCURSAL`
--

DROP TABLE IF EXISTS `A_SUCURSAL`;
/*!40101 SET @saved_cs_client     = @@character_set_client */;
/*!50503 SET character_set_client = utf8mb4 */;
CREATE TABLE `A_SUCURSAL` (
  `ID` int NOT NULL AUTO_INCREMENT,
  `ID_SUCURSAL` int NOT NULL,
  `ID_FLOTA` int NOT NULL,
  `CANTIDAD_TOTAL` int NOT NULL,
  `CANTIDAD_DISPONIBLE` int NOT NULL,
  `createdAt` datetime NOT NULL,
  `updatedAt` datetime NOT NULL,
  PRIMARY KEY (`ID`),
  UNIQUE KEY `ID_UNIQUE` (`ID`),
  KEY `a_sucursal_ibfk_1` (`ID_SUCURSAL`),
  KEY `a_sucursal_ibfk_2` (`ID_FLOTA`),
  CONSTRAINT `a_sucursal_ibfk_1` FOREIGN KEY (`ID_SUCURSAL`) REFERENCES `SUCURSAL` (`ID`) ON DELETE CASCADE ON UPDATE CASCADE,
  CONSTRAINT `a_sucursal_ibfk_2` FOREIGN KEY (`ID_FLOTA`) REFERENCES `A_FLOTAS` (`ID`) ON DELETE CASCADE ON UPDATE CASCADE
) ENGINE=InnoDB AUTO_INCREMENT=12 DEFAULT CHARSET=utf8mb4 COLLATE=utf8mb4_0900_ai_ci;
/*!40101 SET character_set_client = @saved_cs_client */;

--
-- Dumping data for table `A_SUCURSAL`
--

LOCK TABLES `A_SUCURSAL` WRITE;
/*!40000 ALTER TABLE `A_SUCURSAL` DISABLE KEYS */;
INSERT INTO `A_SUCURSAL` VALUES (1,1,37,12,6,'2020-10-18 01:27:27','2020-10-19 04:12:34'),(2,1,38,8,7,'2020-10-18 01:27:27','2020-10-19 04:07:20'),(3,1,40,5,5,'2020-10-18 01:27:27','2020-10-18 01:27:27'),(4,2,37,5,4,'2020-10-18 01:27:27','2020-10-19 04:15:31'),(5,2,38,4,4,'2020-10-18 01:27:27','2020-10-18 01:27:27'),(6,2,39,3,3,'2020-10-18 01:27:27','2020-10-18 01:27:27'),(9,3,40,5,5,'2020-10-18 01:28:57','2020-10-18 01:28:57'),(10,3,41,4,4,'2020-10-18 01:28:57','2020-10-18 01:28:57'),(11,3,38,3,3,'2020-10-18 01:28:57','2020-10-18 01:28:57');
/*!40000 ALTER TABLE `A_SUCURSAL` ENABLE KEYS */;
UNLOCK TABLES;

--
-- Table structure for table `A_TIPO`
--

DROP TABLE IF EXISTS `A_TIPO`;
/*!40101 SET @saved_cs_client     = @@character_set_client */;
/*!50503 SET character_set_client = utf8mb4 */;
CREATE TABLE `A_TIPO` (
  `ID` int NOT NULL AUTO_INCREMENT,
  `NOMBRE` varchar(20) NOT NULL,
  PRIMARY KEY (`ID`)
) ENGINE=InnoDB AUTO_INCREMENT=5 DEFAULT CHARSET=utf8mb4 COLLATE=utf8mb4_0900_ai_ci;
/*!40101 SET character_set_client = @saved_cs_client */;

--
-- Dumping data for table `A_TIPO`
--

LOCK TABLES `A_TIPO` WRITE;
/*!40000 ALTER TABLE `A_TIPO` DISABLE KEYS */;
INSERT INTO `A_TIPO` VALUES (1,'SEDAN'),(2,'SUV'),(3,'PICK-UP'),(4,'PANEL');
/*!40000 ALTER TABLE `A_TIPO` ENABLE KEYS */;
UNLOCK TABLES;

--
-- Table structure for table `CLIENTES`
--

DROP TABLE IF EXISTS `CLIENTES`;
/*!40101 SET @saved_cs_client     = @@character_set_client */;
/*!50503 SET character_set_client = utf8mb4 */;
CREATE TABLE `CLIENTES` (
  `ID` int NOT NULL AUTO_INCREMENT,
  `USUARIO` varchar(40) NOT NULL,
  `PASSWORD` varchar(60) NOT NULL,
  `NOMBRE` varchar(45) NOT NULL,
  `APELLIDO` varchar(45) NOT NULL,
  `CORREO` varchar(55) NOT NULL,
  `CELULAR` int DEFAULT NULL,
  `createdAt` datetime NOT NULL,
  `updatedAt` datetime NOT NULL,
  PRIMARY KEY (`ID`),
  UNIQUE KEY `USUARIO_UNIQUE` (`USUARIO`),
  UNIQUE KEY `CORREO_UNIQUE` (`CORREO`)
) ENGINE=InnoDB AUTO_INCREMENT=18 DEFAULT CHARSET=utf8mb4 COLLATE=utf8mb4_0900_ai_ci;
/*!40101 SET character_set_client = @saved_cs_client */;

--
-- Dumping data for table `CLIENTES`
--

LOCK TABLES `CLIENTES` WRITE;
/*!40000 ALTER TABLE `CLIENTES` DISABLE KEYS */;
INSERT INTO `CLIENTES` VALUES (15,'julio1','$2b$10$sv3XoZ15BFpE7IONhMNZwO8fV0OhvPr5uzCS4Mdd2BWswTWS/YZ2e','Julio','Garcias','julio.garcia1@hotmail.com',67029222,'2020-10-19 03:10:54','2020-10-19 03:10:54'),(16,'irvings','$2b$10$0JiaA//B.h9kLkeehO2OsOrNhhWcJbikefZV.h81USGH0njUFrha.','Irving','Sanchez','irving.sanchez@hotmail.com',67029223,'2020-10-19 04:00:42','2020-10-19 04:00:42'),(17,'Marias','$2b$10$iHMtmD6xeNNHEOlwJJ9Wm.33pqQEh/0LlDrfAMK1S9Jhv.EfLipte','Maria','Sanjur','maria.sanjur@gmail.com',67023344,'2020-10-19 04:01:27','2020-10-19 04:01:27');
/*!40000 ALTER TABLE `CLIENTES` ENABLE KEYS */;
UNLOCK TABLES;

--
-- Table structure for table `RESERVA`
--

DROP TABLE IF EXISTS `RESERVA`;
/*!40101 SET @saved_cs_client     = @@character_set_client */;
/*!50503 SET character_set_client = utf8mb4 */;
CREATE TABLE `RESERVA` (
  `ID` int NOT NULL AUTO_INCREMENT,
  `ID_CLIENTE` int NOT NULL,
  `ID_ASUCURSAL` int NOT NULL,
  `CANTIDAD` int NOT NULL DEFAULT '1',
  `ID_SUCURSAL_RETIRO` int NOT NULL,
  `ID_SUCURSAL_DEVOLUCION` int NOT NULL,
  `FECHA_RETIRO` datetime NOT NULL,
  `HORA_RETIRO` time NOT NULL,
  `FECHA_DEVOLUCION` datetime NOT NULL,
  `HORA_DEVOLUCION` time NOT NULL,
  `COMENTARIO` varchar(300) DEFAULT NULL,
  `ENTREGADO_AGENCIA` int NOT NULL DEFAULT '0',
  `createdAt` datetime NOT NULL,
  `updatedAt` datetime NOT NULL,
  PRIMARY KEY (`ID`),
  KEY `reserva_ibfk_1` (`ID_CLIENTE`),
  KEY `reserva_ibfk_2` (`ID_ASUCURSAL`),
  KEY `reserva_ibfk_3` (`ID_SUCURSAL_RETIRO`),
  KEY `reserva_ibfk_4` (`ID_SUCURSAL_DEVOLUCION`),
  CONSTRAINT `reserva_ibfk_1` FOREIGN KEY (`ID_CLIENTE`) REFERENCES `CLIENTES` (`ID`) ON DELETE CASCADE ON UPDATE CASCADE,
  CONSTRAINT `reserva_ibfk_2` FOREIGN KEY (`ID_ASUCURSAL`) REFERENCES `A_SUCURSAL` (`ID`) ON DELETE CASCADE ON UPDATE CASCADE,
  CONSTRAINT `reserva_ibfk_3` FOREIGN KEY (`ID_SUCURSAL_RETIRO`) REFERENCES `SUCURSAL` (`ID`) ON DELETE CASCADE ON UPDATE CASCADE,
  CONSTRAINT `reserva_ibfk_4` FOREIGN KEY (`ID_SUCURSAL_DEVOLUCION`) REFERENCES `SUCURSAL` (`ID`) ON DELETE CASCADE ON UPDATE CASCADE
) ENGINE=InnoDB AUTO_INCREMENT=14 DEFAULT CHARSET=utf8mb4 COLLATE=utf8mb4_0900_ai_ci;
/*!40101 SET character_set_client = @saved_cs_client */;

--
-- Dumping data for table `RESERVA`
--

LOCK TABLES `RESERVA` WRITE;
/*!40000 ALTER TABLE `RESERVA` DISABLE KEYS */;
INSERT INTO `RESERVA` VALUES (9,16,2,1,1,1,'2020-10-17 00:00:00','06:00:00','2020-10-17 00:00:00','16:00:00','que esL es',0,'2020-10-19 04:07:20','2020-10-19 04:07:20'),(10,16,1,3,1,1,'2020-10-18 00:00:00','06:00:00','2020-10-19 00:00:00','16:00:00','que XOPA',0,'2020-10-19 04:10:09','2020-10-19 04:10:09'),(11,17,1,2,1,1,'2020-10-18 00:00:00','06:00:00','2020-10-19 00:00:00','16:00:00','que XOPA',0,'2020-10-19 04:10:51','2020-10-19 04:10:51'),(12,15,1,1,1,1,'2020-10-18 00:00:00','06:00:00','2020-10-19 00:00:00','16:00:00','que XOPA',0,'2020-10-19 04:12:34','2020-10-19 04:12:34'),(13,16,4,1,2,1,'2020-10-18 00:00:00','07:00:00','2020-10-19 00:00:00','18:00:00','esto es un comentario lel',0,'2020-10-19 04:15:31','2020-10-19 04:15:31');
/*!40000 ALTER TABLE `RESERVA` ENABLE KEYS */;
UNLOCK TABLES;

--
-- Table structure for table `SUCURSAL`
--

DROP TABLE IF EXISTS `SUCURSAL`;
/*!40101 SET @saved_cs_client     = @@character_set_client */;
/*!50503 SET character_set_client = utf8mb4 */;
CREATE TABLE `SUCURSAL` (
  `ID` int NOT NULL AUTO_INCREMENT,
  `NOMBRE` varchar(45) NOT NULL,
  `HORA_APERTU` time NOT NULL,
  `HORA_CIERRE` time NOT NULL,
  `createdAt` datetime NOT NULL,
  `updatedAt` datetime NOT NULL,
  PRIMARY KEY (`ID`)
) ENGINE=InnoDB AUTO_INCREMENT=5 DEFAULT CHARSET=utf8mb4 COLLATE=utf8mb4_0900_ai_ci;
/*!40101 SET character_set_client = @saved_cs_client */;

--
-- Dumping data for table `SUCURSAL`
--

LOCK TABLES `SUCURSAL` WRITE;
/*!40000 ALTER TABLE `SUCURSAL` DISABLE KEYS */;
INSERT INTO `SUCURSAL` VALUES (1,'AEROPUERTO-TOCUMEN','00:00:00','23:59:59','2020-10-18 01:22:48','2020-10-18 01:22:48'),(2,'BRISAS DEL GOLF','08:00:00','17:00:00','2020-10-18 01:25:09','2020-10-18 01:25:09'),(3,'COSTA VERDE','07:00:00','17:00:00','2020-10-18 01:25:09','2020-10-18 01:25:09'),(4,'CHITRE','07:00:00','16:00:00','2020-10-18 01:25:09','2020-10-18 01:25:09');
/*!40000 ALTER TABLE `SUCURSAL` ENABLE KEYS */;
UNLOCK TABLES;
/*!40103 SET TIME_ZONE=@OLD_TIME_ZONE */;

/*!40101 SET SQL_MODE=@OLD_SQL_MODE */;
/*!40014 SET FOREIGN_KEY_CHECKS=@OLD_FOREIGN_KEY_CHECKS */;
/*!40014 SET UNIQUE_CHECKS=@OLD_UNIQUE_CHECKS */;
/*!40101 SET CHARACTER_SET_CLIENT=@OLD_CHARACTER_SET_CLIENT */;
/*!40101 SET CHARACTER_SET_RESULTS=@OLD_CHARACTER_SET_RESULTS */;
/*!40101 SET COLLATION_CONNECTION=@OLD_COLLATION_CONNECTION */;
/*!40111 SET SQL_NOTES=@OLD_SQL_NOTES */;

-- Dump completed on 2020-10-19 11:27:09
